<?xml version="1.0" encoding="UTF-8"?>
<assembly xmlns="http://maven.apache.org/plugins/maven-assembly-plugin/assembly/1.1.2" xmlns:xsi="http://www.w3.org/2001/XMLSchema-instance"
          xsi:schemaLocation="http://maven.apache.org/plugins/maven-assembly-plugin/assembly/1.1.2 http://maven.apache.org/xsd/assembly-1.1.2.xsd">

  <id>zip</id>
  <formats>
    <format>dir</format>
    <format>zip</format>
  </formats>

  <includeBaseDirectory>false</includeBaseDirectory>

  <fileSets>
    <fileSet>
      <directory>build</directory>
      <filtered>false</filtered>
      <outputDirectory/>
    </fileSet>
  </fileSets>

</assembly>
